--------------------------------------------------------
--  文件已创建 - 星期三-十一月-29-2017   
--------------------------------------------------------
--------------------------------------------------------
--  DDL for Sequence SEQMEETING
--------------------------------------------------------

   CREATE SEQUENCE  "MEETINGMANAGER"."SEQMEETING"  MINVALUE 1 MAXVALUE 999999999999999999999999999 INCREMENT BY 2 START WITH 1151 CACHE 20 NOORDER  NOCYCLE ;
--------------------------------------------------------
--  DDL for Sequence SEQ_DEPT
--------------------------------------------------------

   CREATE SEQUENCE  "MEETINGMANAGER"."SEQ_DEPT"  MINVALUE 1 MAXVALUE 999999999999999999999999999 INCREMENT BY 2 START WITH 139 CACHE 20 NOORDER  NOCYCLE ;
--------------------------------------------------------
--  DDL for Sequence SEQ_MEETING
--------------------------------------------------------

   CREATE SEQUENCE  "MEETINGMANAGER"."SEQ_MEETING"  MINVALUE 1 MAXVALUE 999999999999999999999999999 INCREMENT BY 2 START WITH 91 CACHE 20 NOORDER  NOCYCLE ;
--------------------------------------------------------
--  DDL for Sequence SEQ_MEETINGANDEMP
--------------------------------------------------------

   CREATE SEQUENCE  "MEETINGMANAGER"."SEQ_MEETINGANDEMP"  MINVALUE 1 MAXVALUE 999999999999999999999999999 INCREMENT BY 2 START WITH 91 CACHE 20 NOORDER  NOCYCLE ;
--------------------------------------------------------
--  DDL for Sequence SEQ_MEETROOM
--------------------------------------------------------

   CREATE SEQUENCE  "MEETINGMANAGER"."SEQ_MEETROOM"  MINVALUE 1 MAXVALUE 999999999999999999999999999 INCREMENT BY 2 START WITH 51 CACHE 20 NOORDER  NOCYCLE ;
--------------------------------------------------------
--  DDL for Table MEET_COUNT
--------------------------------------------------------

  CREATE TABLE "MEETINGMANAGER"."MEET_COUNT" 
   (	"C_ID" NUMBER(10,0), 
	"C_COUNT" NUMBER(20,0) DEFAULT 0
   ) PCTFREE 10 PCTUSED 40 INITRANS 1 MAXTRANS 255 NOCOMPRESS LOGGING
  STORAGE(INITIAL 65536 NEXT 1048576 MINEXTENTS 1 MAXEXTENTS 2147483645
  PCTINCREASE 0 FREELISTS 1 FREELIST GROUPS 1 BUFFER_POOL DEFAULT)
  TABLESPACE "SYSTEM" ;
--------------------------------------------------------
--  DDL for Table MEET_DEPT
--------------------------------------------------------

  CREATE TABLE "MEETINGMANAGER"."MEET_DEPT" 
   (	"D_ID" NUMBER(20,0), 
	"D_NAME" VARCHAR2(30 BYTE)
   ) PCTFREE 10 PCTUSED 40 INITRANS 1 MAXTRANS 255 NOCOMPRESS LOGGING
  STORAGE(INITIAL 65536 NEXT 1048576 MINEXTENTS 1 MAXEXTENTS 2147483645
  PCTINCREASE 0 FREELISTS 1 FREELIST GROUPS 1 BUFFER_POOL DEFAULT)
  TABLESPACE "SYSTEM" ;
--------------------------------------------------------
--  DDL for Table MEET_EMP
--------------------------------------------------------

  CREATE TABLE "MEETINGMANAGER"."MEET_EMP" 
   (	"U_ID" NUMBER(20,0), 
	"U_NAME" VARCHAR2(30 BYTE), 
	"U_ACCOUNT" VARCHAR2(30 BYTE), 
	"U_PASSW" VARCHAR2(30 BYTE), 
	"U_TEL" VARCHAR2(33 BYTE), 
	"U_EMAIL" VARCHAR2(40 BYTE), 
	"U_DEPTID" NUMBER(20,0), 
	"U_REMARK" VARCHAR2(30 BYTE), 
	"U_TYPE" NUMBER(6,0) DEFAULT 1
   ) PCTFREE 10 PCTUSED 40 INITRANS 1 MAXTRANS 255 NOCOMPRESS LOGGING
  STORAGE(INITIAL 65536 NEXT 1048576 MINEXTENTS 1 MAXEXTENTS 2147483645
  PCTINCREASE 0 FREELISTS 1 FREELIST GROUPS 1 BUFFER_POOL DEFAULT)
  TABLESPACE "SYSTEM" ;
--------------------------------------------------------
--  DDL for Table MEET_MEETING
--------------------------------------------------------

  CREATE TABLE "MEETINGMANAGER"."MEET_MEETING" 
   (	"M_ID" NUMBER(20,0), 
	"M_NAME" VARCHAR2(30 BYTE), 
	"M_PRECOUNT" NUMBER(20,0) DEFAULT 0, 
	"M_PRESTARTTIME" TIMESTAMP (6), 
	"M_PREENDTIME" TIMESTAMP (6), 
	"M_PREPID" NUMBER(20,0), 
	"M_ROOMID" NUMBER(20,0), 
	"M_DISCRIPTION" VARCHAR2(80 BYTE)
   ) PCTFREE 10 PCTUSED 40 INITRANS 1 MAXTRANS 255 NOCOMPRESS LOGGING
  STORAGE(INITIAL 65536 NEXT 1048576 MINEXTENTS 1 MAXEXTENTS 2147483645
  PCTINCREASE 0 FREELISTS 1 FREELIST GROUPS 1 BUFFER_POOL DEFAULT)
  TABLESPACE "SYSTEM" ;
--------------------------------------------------------
--  DDL for Table MEET_MEETING_EMP
--------------------------------------------------------

  CREATE TABLE "MEETINGMANAGER"."MEET_MEETING_EMP" 
   (	"ME_ID" NUMBER(20,0), 
	"ME_MEETINGID" NUMBER(20,0), 
	"ME_EMPID" NUMBER(20,0)
   ) PCTFREE 10 PCTUSED 40 INITRANS 1 MAXTRANS 255 NOCOMPRESS LOGGING
  STORAGE(INITIAL 65536 NEXT 1048576 MINEXTENTS 1 MAXEXTENTS 2147483645
  PCTINCREASE 0 FREELISTS 1 FREELIST GROUPS 1 BUFFER_POOL DEFAULT)
  TABLESPACE "SYSTEM" ;
--------------------------------------------------------
--  DDL for Table MEET_ROOM
--------------------------------------------------------

  CREATE TABLE "MEETINGMANAGER"."MEET_ROOM" 
   (	"R_ID" NUMBER(20,0), 
	"R_ROOMID" VARCHAR2(30 BYTE), 
	"R_NAME" VARCHAR2(30 BYTE), 
	"R_MAXSIZE" NUMBER(10,0), 
	"R_NOWSTATUS" NUMBER(6,0) DEFAULT 0, 
	"R_REMARK" VARCHAR2(80 BYTE)
   ) PCTFREE 10 PCTUSED 40 INITRANS 1 MAXTRANS 255 NOCOMPRESS LOGGING
  STORAGE(INITIAL 65536 NEXT 1048576 MINEXTENTS 1 MAXEXTENTS 2147483645
  PCTINCREASE 0 FREELISTS 1 FREELIST GROUPS 1 BUFFER_POOL DEFAULT)
  TABLESPACE "SYSTEM" ;
REM INSERTING into MEETINGMANAGER.MEET_COUNT
SET DEFINE OFF;
Insert into MEETINGMANAGER.MEET_COUNT (C_ID,C_COUNT) values (1,130);
REM INSERTING into MEETINGMANAGER.MEET_DEPT
SET DEFINE OFF;
Insert into MEETINGMANAGER.MEET_DEPT (D_ID,D_NAME) values (99,'技术部');
Insert into MEETINGMANAGER.MEET_DEPT (D_ID,D_NAME) values (101,'行政部');
Insert into MEETINGMANAGER.MEET_DEPT (D_ID,D_NAME) values (103,'财务部');
Insert into MEETINGMANAGER.MEET_DEPT (D_ID,D_NAME) values (105,'销售部');
Insert into MEETINGMANAGER.MEET_DEPT (D_ID,D_NAME) values (107,'后勤部');
Insert into MEETINGMANAGER.MEET_DEPT (D_ID,D_NAME) values (109,'督导部');
Insert into MEETINGMANAGER.MEET_DEPT (D_ID,D_NAME) values (111,'军令部');
REM INSERTING into MEETINGMANAGER.MEET_EMP
SET DEFINE OFF;
Insert into MEETINGMANAGER.MEET_EMP (U_ID,U_NAME,U_ACCOUNT,U_PASSW,U_TEL,U_EMAIL,U_DEPTID,U_REMARK,U_TYPE) values (1111,'军令','樱桃小丸子','111','12345678910','222222@ss.com',101,'可爱',1);
Insert into MEETINGMANAGER.MEET_EMP (U_ID,U_NAME,U_ACCOUNT,U_PASSW,U_TEL,U_EMAIL,U_DEPTID,U_REMARK,U_TYPE) values (1113,'佳俊','小丸子','111','12345678910','111112@ss.com',103,'可爱',1);
Insert into MEETINGMANAGER.MEET_EMP (U_ID,U_NAME,U_ACCOUNT,U_PASSW,U_TEL,U_EMAIL,U_DEPTID,U_REMARK,U_TYPE) values (1115,'管理员','admin','111','12345678910','111112@ss.com',99,'可爱',2);
Insert into MEETINGMANAGER.MEET_EMP (U_ID,U_NAME,U_ACCOUNT,U_PASSW,U_TEL,U_EMAIL,U_DEPTID,U_REMARK,U_TYPE) values (1117,'礼龙','小樱桃','111','12345678910','333332@ss.com',101,'可爱',1);
Insert into MEETINGMANAGER.MEET_EMP (U_ID,U_NAME,U_ACCOUNT,U_PASSW,U_TEL,U_EMAIL,U_DEPTID,U_REMARK,U_TYPE) values (1119,'历史','lishi','aaaaaa','12345677889','123123sa@qq.com',103,'试试',0);
Insert into MEETINGMANAGER.MEET_EMP (U_ID,U_NAME,U_ACCOUNT,U_PASSW,U_TEL,U_EMAIL,U_DEPTID,U_REMARK,U_TYPE) values (1121,'阿聪','acong','aaaaaa','123123213','123123sa@qq.com',99,'切尔奇无',0);
Insert into MEETINGMANAGER.MEET_EMP (U_ID,U_NAME,U_ACCOUNT,U_PASSW,U_TEL,U_EMAIL,U_DEPTID,U_REMARK,U_TYPE) values (1123,'俊杰','junjie','aaaaaa','1312321321','wqeeqwe@pp.com',107,'试试',0);
Insert into MEETINGMANAGER.MEET_EMP (U_ID,U_NAME,U_ACCOUNT,U_PASSW,U_TEL,U_EMAIL,U_DEPTID,U_REMARK,U_TYPE) values (1125,'啊准','azhun','111111','111111','123123sa@qq.com',107,'11212',0);
Insert into MEETINGMANAGER.MEET_EMP (U_ID,U_NAME,U_ACCOUNT,U_PASSW,U_TEL,U_EMAIL,U_DEPTID,U_REMARK,U_TYPE) values (1127,'啊品','apin','aaaaaa','12312312312','wqeeqwe@pp.com',99,'试试',0);
Insert into MEETINGMANAGER.MEET_EMP (U_ID,U_NAME,U_ACCOUNT,U_PASSW,U_TEL,U_EMAIL,U_DEPTID,U_REMARK,U_TYPE) values (1129,'军令1','今天天气好','123456','12346654333','123123sa@qq.com',99,'切尔奇无',0);
Insert into MEETINGMANAGER.MEET_EMP (U_ID,U_NAME,U_ACCOUNT,U_PASSW,U_TEL,U_EMAIL,U_DEPTID,U_REMARK,U_TYPE) values (1131,'军令2','junling1','aaaaaa','132144124','dasdas@ww.com',99,'wwqe',0);
Insert into MEETINGMANAGER.MEET_EMP (U_ID,U_NAME,U_ACCOUNT,U_PASSW,U_TEL,U_EMAIL,U_DEPTID,U_REMARK,U_TYPE) values (1133,'军令3','junling2','111111','11123123','wqeeqwe@pp.com',109,'23123',0);
Insert into MEETINGMANAGER.MEET_EMP (U_ID,U_NAME,U_ACCOUNT,U_PASSW,U_TEL,U_EMAIL,U_DEPTID,U_REMARK,U_TYPE) values (1135,'军令5','junling5','aaaaaa','12312312312','wqeeqwe@pp.com',105,'2312312',0);
REM INSERTING into MEETINGMANAGER.MEET_MEETING
SET DEFINE OFF;
Insert into MEETINGMANAGER.MEET_MEETING (M_ID,M_NAME,M_PRECOUNT,M_PRESTARTTIME,M_PREENDTIME,M_PREPID,M_ROOMID,M_DISCRIPTION) values (53,'请问权威',12,to_timestamp('08-11月-17 11.34.16.000000000 上午','DD-MON-RR HH.MI.SS.FF AM'),to_timestamp('30-11月-17 11.42.37.000000000 上午','DD-MON-RR HH.MI.SS.FF AM'),1115,13,'231321王二伟');
Insert into MEETINGMANAGER.MEET_MEETING (M_ID,M_NAME,M_PRECOUNT,M_PRESTARTTIME,M_PREENDTIME,M_PREPID,M_ROOMID,M_DISCRIPTION) values (23,'二十大',13,to_timestamp('21-11月-17 02.35.38.000000000 下午','DD-MON-RR HH.MI.SS.FF AM'),to_timestamp('23-11月-17 11.34.20.000000000 上午','DD-MON-RR HH.MI.SS.FF AM'),1115,15,'21312魏汝稳');
Insert into MEETINGMANAGER.MEET_MEETING (M_ID,M_NAME,M_PRECOUNT,M_PRESTARTTIME,M_PREENDTIME,M_PREPID,M_ROOMID,M_DISCRIPTION) values (51,'十九代',20,to_timestamp('15-11月-17 07.30.07.000000000 下午','DD-MON-RR HH.MI.SS.FF AM'),to_timestamp('29-11月-17 07.30.11.000000000 下午','DD-MON-RR HH.MI.SS.FF AM'),1115,21,'wqeewqwewq');
REM INSERTING into MEETINGMANAGER.MEET_MEETING_EMP
SET DEFINE OFF;
Insert into MEETINGMANAGER.MEET_MEETING_EMP (ME_ID,ME_MEETINGID,ME_EMPID) values (51,53,1111);
Insert into MEETINGMANAGER.MEET_MEETING_EMP (ME_ID,ME_MEETINGID,ME_EMPID) values (43,23,1115);
Insert into MEETINGMANAGER.MEET_MEETING_EMP (ME_ID,ME_MEETINGID,ME_EMPID) values (45,23,1117);
Insert into MEETINGMANAGER.MEET_MEETING_EMP (ME_ID,ME_MEETINGID,ME_EMPID) values (47,23,1119);
Insert into MEETINGMANAGER.MEET_MEETING_EMP (ME_ID,ME_MEETINGID,ME_EMPID) values (49,23,1121);
REM INSERTING into MEETINGMANAGER.MEET_ROOM
SET DEFINE OFF;
Insert into MEETINGMANAGER.MEET_ROOM (R_ID,R_ROOMID,R_NAME,R_MAXSIZE,R_NOWSTATUS,R_REMARK) values (11,'三110室','第一会议室',20,1,'干净明亮');
Insert into MEETINGMANAGER.MEET_ROOM (R_ID,R_ROOMID,R_NAME,R_MAXSIZE,R_NOWSTATUS,R_REMARK) values (13,'四111室','第二会议室',10,1,'干净明亮');
Insert into MEETINGMANAGER.MEET_ROOM (R_ID,R_ROOMID,R_NAME,R_MAXSIZE,R_NOWSTATUS,R_REMARK) values (15,'四121室','洽谈室1',6,1,'干净明亮');
Insert into MEETINGMANAGER.MEET_ROOM (R_ID,R_ROOMID,R_NAME,R_MAXSIZE,R_NOWSTATUS,R_REMARK) values (17,'四221室','洽谈室4',8,1,'干净明亮');
Insert into MEETINGMANAGER.MEET_ROOM (R_ID,R_ROOMID,R_NAME,R_MAXSIZE,R_NOWSTATUS,R_REMARK) values (19,'二222室','第六会议室',50,1,'干净明亮');
Insert into MEETINGMANAGER.MEET_ROOM (R_ID,R_ROOMID,R_NAME,R_MAXSIZE,R_NOWSTATUS,R_REMARK) values (21,'二22室','大会议室',150,1,'干净明亮');
--------------------------------------------------------
--  Constraints for Table MEET_MEETING
--------------------------------------------------------

  ALTER TABLE "MEETINGMANAGER"."MEET_MEETING" MODIFY ("M_NAME" NOT NULL ENABLE);
 
  ALTER TABLE "MEETINGMANAGER"."MEET_MEETING" MODIFY ("M_PREPID" NOT NULL ENABLE);
 
  ALTER TABLE "MEETINGMANAGER"."MEET_MEETING" MODIFY ("M_ROOMID" NOT NULL ENABLE);
 
  ALTER TABLE "MEETINGMANAGER"."MEET_MEETING" ADD PRIMARY KEY ("M_ID")
  USING INDEX PCTFREE 10 INITRANS 2 MAXTRANS 255 COMPUTE STATISTICS 
  STORAGE(INITIAL 65536 NEXT 1048576 MINEXTENTS 1 MAXEXTENTS 2147483645
  PCTINCREASE 0 FREELISTS 1 FREELIST GROUPS 1 BUFFER_POOL DEFAULT)
  TABLESPACE "SYSTEM"  ENABLE;
--------------------------------------------------------
--  Constraints for Table MEET_COUNT
--------------------------------------------------------

  ALTER TABLE "MEETINGMANAGER"."MEET_COUNT" ADD PRIMARY KEY ("C_ID")
  USING INDEX PCTFREE 10 INITRANS 2 MAXTRANS 255 COMPUTE STATISTICS 
  STORAGE(INITIAL 65536 NEXT 1048576 MINEXTENTS 1 MAXEXTENTS 2147483645
  PCTINCREASE 0 FREELISTS 1 FREELIST GROUPS 1 BUFFER_POOL DEFAULT)
  TABLESPACE "SYSTEM"  ENABLE;
--------------------------------------------------------
--  Constraints for Table MEET_EMP
--------------------------------------------------------

  ALTER TABLE "MEETINGMANAGER"."MEET_EMP" MODIFY ("U_NAME" NOT NULL ENABLE);
 
  ALTER TABLE "MEETINGMANAGER"."MEET_EMP" MODIFY ("U_ACCOUNT" NOT NULL ENABLE);
 
  ALTER TABLE "MEETINGMANAGER"."MEET_EMP" MODIFY ("U_PASSW" NOT NULL ENABLE);
 
  ALTER TABLE "MEETINGMANAGER"."MEET_EMP" ADD PRIMARY KEY ("U_ID")
  USING INDEX PCTFREE 10 INITRANS 2 MAXTRANS 255 COMPUTE STATISTICS 
  STORAGE(INITIAL 65536 NEXT 1048576 MINEXTENTS 1 MAXEXTENTS 2147483645
  PCTINCREASE 0 FREELISTS 1 FREELIST GROUPS 1 BUFFER_POOL DEFAULT)
  TABLESPACE "SYSTEM"  ENABLE;
--------------------------------------------------------
--  Constraints for Table MEET_MEETING_EMP
--------------------------------------------------------

  ALTER TABLE "MEETINGMANAGER"."MEET_MEETING_EMP" ADD PRIMARY KEY ("ME_ID")
  USING INDEX PCTFREE 10 INITRANS 2 MAXTRANS 255 COMPUTE STATISTICS 
  STORAGE(INITIAL 65536 NEXT 1048576 MINEXTENTS 1 MAXEXTENTS 2147483645
  PCTINCREASE 0 FREELISTS 1 FREELIST GROUPS 1 BUFFER_POOL DEFAULT)
  TABLESPACE "SYSTEM"  ENABLE;
--------------------------------------------------------
--  Constraints for Table MEET_ROOM
--------------------------------------------------------

  ALTER TABLE "MEETINGMANAGER"."MEET_ROOM" MODIFY ("R_ROOMID" NOT NULL ENABLE);
 
  ALTER TABLE "MEETINGMANAGER"."MEET_ROOM" MODIFY ("R_NAME" NOT NULL ENABLE);
 
  ALTER TABLE "MEETINGMANAGER"."MEET_ROOM" MODIFY ("R_MAXSIZE" NOT NULL ENABLE);
 
  ALTER TABLE "MEETINGMANAGER"."MEET_ROOM" ADD PRIMARY KEY ("R_ID")
  USING INDEX PCTFREE 10 INITRANS 2 MAXTRANS 255 COMPUTE STATISTICS 
  STORAGE(INITIAL 65536 NEXT 1048576 MINEXTENTS 1 MAXEXTENTS 2147483645
  PCTINCREASE 0 FREELISTS 1 FREELIST GROUPS 1 BUFFER_POOL DEFAULT)
  TABLESPACE "SYSTEM"  ENABLE;
--------------------------------------------------------
--  Constraints for Table MEET_DEPT
--------------------------------------------------------

  ALTER TABLE "MEETINGMANAGER"."MEET_DEPT" ADD PRIMARY KEY ("D_ID")
  USING INDEX PCTFREE 10 INITRANS 2 MAXTRANS 255 COMPUTE STATISTICS 
  STORAGE(INITIAL 65536 NEXT 1048576 MINEXTENTS 1 MAXEXTENTS 2147483645
  PCTINCREASE 0 FREELISTS 1 FREELIST GROUPS 1 BUFFER_POOL DEFAULT)
  TABLESPACE "SYSTEM"  ENABLE;
--------------------------------------------------------
--  Ref Constraints for Table MEET_EMP
--------------------------------------------------------

  ALTER TABLE "MEETINGMANAGER"."MEET_EMP" ADD CONSTRAINT "USER_DEPT" FOREIGN KEY ("U_DEPTID")
	  REFERENCES "MEETINGMANAGER"."MEET_DEPT" ("D_ID") ENABLE;
--------------------------------------------------------
--  Ref Constraints for Table MEET_MEETING
--------------------------------------------------------

  ALTER TABLE "MEETINGMANAGER"."MEET_MEETING" ADD CONSTRAINT "MEETING_EMP" FOREIGN KEY ("M_PREPID")
	  REFERENCES "MEETINGMANAGER"."MEET_EMP" ("U_ID") ENABLE;
 
  ALTER TABLE "MEETINGMANAGER"."MEET_MEETING" ADD CONSTRAINT "MEETING_ROOM" FOREIGN KEY ("M_ROOMID")
	  REFERENCES "MEETINGMANAGER"."MEET_ROOM" ("R_ID") ENABLE;
--------------------------------------------------------
--  Ref Constraints for Table MEET_MEETING_EMP
--------------------------------------------------------

  ALTER TABLE "MEETINGMANAGER"."MEET_MEETING_EMP" ADD CONSTRAINT "ME_EMPID" FOREIGN KEY ("ME_EMPID")
	  REFERENCES "MEETINGMANAGER"."MEET_EMP" ("U_ID") ENABLE;
 
  ALTER TABLE "MEETINGMANAGER"."MEET_MEETING_EMP" ADD CONSTRAINT "ME_MEETINGID" FOREIGN KEY ("ME_MEETINGID")
	  REFERENCES "MEETINGMANAGER"."MEET_MEETING" ("M_ID") ENABLE;
